id,title,tagline,overview,release_date,genres,belongs_to_collection,original_language,spoken_languages,production_countries,production_companies,runtime,budget,revenue,popularity,vote_count,vote_average,cast,cast_size,crew_size,director
299534,Avengers: Endgame,Avenge the fallen.,"After the devastating events of Avengers: Infinity War, the universe is in ruins due to the efforts of the Mad Titan, Thanos. With the help of remaining allies, the Avengers must assemble once more in order to undo Thanos' actions and restore order to the universe once and for all, no matter what consequences may be in store.",24/04/2019,"Adventure, Science Fiction, Action",The Avengers Collection,en,English|日本語|,United States of America,Marvel Studios,181,356,2799.4391,22.6136,26202,8.238,Robert Downey Jr.|Chris Evans|Mark Ruffalo|Chris Hemsworth|Scarlett Johansson|Jeremy Renner|Josh Brolin|Don Cheadle|Paul Rudd|Benedict Cumberbatch|Chadwick Boseman|Brie Larson|Tom Holland|Karen Gillan|Zoe Saldaña|Evangeline Lilly|Tessa Thompson|Rene Russo|Elizabeth Olsen|Anthony Mackie|Sebastian Stan|Tom Hiddleston|Danai Gurira|Benedict Wong|Pom Klementieff|Dave Bautista|Letitia Wright|John Slattery|Tilda Swinton|Jon Favreau|Hayley Atwell|Natalie Portman|Marisa Tomei|Taika Waititi|Angela Bassett|Michael Douglas|Michelle Pfeiffer|William Hurt|Cobie Smulders|Sean Gunn|Winston Duke|Linda Cardellini|Maximiliano Hernández|Frank Grillo|Hiroyuki Sanada|Tom Vaughan-Lawlor|James D'Arcy|Jacob Batalon|Vin Diesel|Bradley Cooper|Gwyneth Paltrow|Robert Redford|Chris Pratt|Samuel L. Jackson|Lexi Rabe|Ross Marquand|Joe Russo|Emma Fuhrmann|Michael James Shaw|Terry Notary|Kerry Condon|Ben Sakamoto|Ava Russo|Cade Woodward|Stan Lee|Yvette Nicole Brown|Callan Mulvey|Lia Mariella Russo|Julian Russo|Taylor Patterson|Agostino Rosalina|Ken Jeong|Ty Simpkins|Jackson A. Dunn|Lee Moore|Bazlo LeClair|Loen LeClair|Matthew Berry|Joy McAvoy|John Michael Morris|Michael A. Cook|Brent McGee|Brian Schaeffer|Jamie Wedel|Anthony G Breed|Erica Ribley|Monique Ganderton|Jim Starlin|Jimmy Ray Pickens|Hye Jin Jang|Russell Bobbitt|James Lin|Jack Champion|Sam Hargrave|Patrick Gorman|Aaron Lazar|Robert Pralgo|Tom Wisdom|John Posey|Ameenah Kaplan|Olaniyan Thurmon|Jennifer Elmore|Mike Lutz|Donald Mustard|Robert Tinsley,105,593,Anthony Russo
19995,Avatar,Enter the world of Pandora.,"In the 22nd century, a paraplegic Marine is dispatched to the moon Pandora on a unique mission, but becomes torn between following orders and protecting an alien civilization.",15/12/2009,"Action, Adventure, Fantasy, Science Fiction",Avatar Collection,en,English|Español,United States of America|United Kingdom,Dune Entertainment|Lightstorm Entertainment|20th Century Fox|Ingenious Media,162,237,2923.706026,33.5372,32106,7.587,Sam Worthington|Zoe Saldaña|Sigourney Weaver|Stephen Lang|Michelle Rodriguez|Giovanni Ribisi|Joel David Moore|CCH Pounder|Wes Studi|Laz Alonso|Dileep Rao|Matt Gerald|Sean Anthony Moran|Jason Whyte|Scott Lawrence|Kelly Kilgour|James Patrick Pitt|Sean Patrick Murphy|Peter Dillon|Kevin Dorman|Kelson Henderson|David Van Horn|Jacob Tomuri|Michael Blain-Rozgay|Jon Curry|Julene Renee|Luke Hawker|Woody Schultz|Peter Mensah|Sonia Yee|Jahnel Curfman|Ilram Choi|Kyla Warren|Lisa Roumain|Debra Wilson|Taylor Kibby|Jodie Landau|Chris Mala|Julie Lamm|Cullen B. Madden|Joseph Brady Madden|Frankie Torres|Austin Wilson|Sara Wilson|Tamica Washington-Miller|Lucy Briant|Nathan Meister|Gerry Blair|Matthew Chamberlain|Paul Yates|Wray Wilson|James Gaylyn|Melvin Leno Clark III|Carvon Futrell|Brandon Jelkes|Micah Moch|Haniyyah Tahirah|Christopher Nolen|Christa Oliver|April Marie Thomas|Bravita A. Threatt|Alicia Vela-Bailey|Larry Rew|Dina Morrone|Rodney Cook,65,986,James Cameron
140607,Star Wars: The Force Awakens,Every generation has a story.,"Thirty years after defeating the Galactic Empire, Han Solo and his allies face a new threat from the evil Kylo Ren and his army of Stormtroopers.",15/12/2015,"Adventure, Action, Science Fiction",Star Wars Collection,en,English,United States of America,Lucasfilm Ltd.|Bad Robot,136,245,2068.223624,13.3565,19662,7.262,Harrison Ford|Mark Hamill|Carrie Fisher|Adam Driver|Daisy Ridley|John Boyega|Oscar Isaac|Lupita Nyong'o|Andy Serkis|Domhnall Gleeson|Anthony Daniels|Max von Sydow|Peter Mayhew|Gwendoline Christie|Joonas Suotamo|Pip Andersen|Simon Pegg|Kiran Shah|Sasha Frost|Pip Torrens|Andrew Jack|Rocky Marshall|Greg Grunberg|Emun Elliott|Brian Vernel|Yayan Ruhian|Sebastian Armesto|Maisie Richardson-Sellers|Warwick Davis|Cailey Fleming|Mark Stanley|Ken Leung|Iko Uwais|Anna Brewster|Harriet Walter|Tim Rose|Erik Bauersfeld|Mike Quinn|Bill Kipsang Rotich|Michael Giacchino|Nigel Godrich|Judah Friedlander|Victor McGuire|Miltos Yerolemou|Billie Lourd|Leanne Best|Crystal Clarke|Jeffery Kissoon|Claudia Sermbezis|Gerald W. Abrams|Jim McGrath|Philicia Saunders|Morgan Dameron|Jessica Henwick|Tosin Cole|James McArdle|Stefan Grube|Dixie Arnold|Hannah John-Kamen|Kate Fleetwood|Thomas Brodie-Sangster|Brian Herring|Dave Chapman|Jimmy Vee|Cecep Arif Rahman|Ian Whyte|Daniel Craig|Ewan McGregor|Frank Oz|Alec Guinness|Tom Kane|Catherine Taber|Matthew Wood|Sam Witwer|Meredith Salenger|James Arnold Taylor|Michael Donovan|Devon Libran|Robert Stambler|Verona Blue|Fred Tatasciore|Patrick Correll|Karen Huie|Orly Schuchmacher|Ben Schwartz|Mark Dodson|Liang Yang|David Acord|Jamie B. Chambers|David M. Santana|Francesca Longrigg|D.C. Barns|Tom Edden|Richard Riddell|Jefferson Hall|Jack Laskey|Daniel Adjei|Charlie Akin|Adrian Allan|Samantha Alleyne|Paul Biddiss|Hannah Blamires|Rony Bridges|Stuart Budd|Calvin Chen|Alan Chimes|Jamie Clay|David W. Collins|Cavin Cornwall|Rowan Cox|Nathalie Cuzner|Rimmel Daniel|Keith De'Winter|Adrian Derrick-Palmer|Cameron Edwards|Jesse Michael Fullington|Gloria Garcia|Salo Gardner|Caroline Garnell|Chris Geden|Versha Grant|Steven James Griffiths|Gary Hailes|Tim Hammersley|Chris Hastings|Marina Hayter|Kelvin Hewlett|Matthew Hobbs|Phil Hodges|Leigh Holland|Kevin Hudson|Phoenix James|Zander James|Tobias James-Samuels|Paul Kasey|Aaron Kennedy|Aidan Knight|Sanj Krishnan|Lukas Landau|Andrei Lenart|Jorge Leon|Julia Leyland|Billy James Machin|Hamza Malik|Raymond Mamrak|Kelsey Edwards|Kenny-Lee Mbanefo|David McCarrison|Sandeep Mohan|Benjayx Murphy|Robert Strange|Charlie Nevett|Jason Nicholls|Terry Noble|David Norfolk|Tatsujiro Oto|Gillian Pittaway|Nathan Plant|Elroy Powell|Jay Rincon|Marc Rolfe|Julio Romeo|Arti Shah|Kat Sheridan|Stephanie Silva|Jasper Skinner|Sandy Kate Slade|Clem So|Benito Sovrano|Karol Steele|François Sternkiker|Frank Stone|Andy Sweet|Peter Theobalds|Pablo Verdejo|Ashley Ward|Paul Warren|Topo Wresniwiro|Joshua Ásberg|Joe Cash|Clare Glass|Kevin Smith,182,257,J.J. Abrams
299536,Avengers: Infinity War,Destiny arrives all the same.,"As the Avengers and their allies have continued to protect the world from threats too large for any one hero to handle, a new danger has emerged from the cosmic shadows: Thanos. A despot of intergalactic infamy, his goal is to collect all six Infinity Stones, artifacts of unimaginable power, and use them to inflict his twisted will on all of reality. Everything the Avengers have fought for has led up to this moment - the fate of Earth and existence itself has never been more uncertain.",25/04/2018,"Adventure, Action, Science Fiction",The Avengers Collection,en,English|,United States of America,Marvel Studios,149,300,2052.415039,35.5559,30381,8.236,Robert Downey Jr.|Chris Evans|Chris Hemsworth|Josh Brolin|Mark Ruffalo|Scarlett Johansson|Don Cheadle|Benedict Cumberbatch|Tom Holland|Chadwick Boseman|Zoe Saldaña|Karen Gillan|Tom Hiddleston|Paul Bettany|Elizabeth Olsen|Anthony Mackie|Sebastian Stan|Idris Elba|Danai Gurira|Peter Dinklage|Benedict Wong|Pom Klementieff|Dave Bautista|Vin Diesel|Bradley Cooper|Chris Pratt|Gwyneth Paltrow|Benicio del Toro|Sean Gunn|William Hurt|Letitia Wright|Terry Notary|Tom Vaughan-Lawlor|Carrie Coon|Michael James Shaw|Stan Lee|Winston Duke|Florence Kasumba|Kerry Condon|Monique Ganderton|Jacob Batalon|Tiffany Espensen|Isabella Amara|Ethan Dizon|Ariana Greenblatt|Ameenah Kaplan|Ross Marquand|Michael Anthony Rogers|Stephen McFeely|Aaron Lazar|Robert Pralgo|Olaniyan Thurmon|Blair Jasin|Matthew Zuk|Laura Miller|Kenneth Branagh|Samuel L. Jackson|Cobie Smulders|Harrison Osterfield|Gary Peebles|Marija Abney|Zola Williams|Marie Mouroum|James Siderits|Precious Jenkins|Bobby James|Lady Cardinal|Tanya Wheelock|Robert Tinsley,69,724,Joe Russo
597,Titanic,Nothing on Earth could come between them.,"101-year-old Rose DeWitt Bukater tells the story of her life aboard the Titanic, 84 years later. A young Rose boards the ship with her mother and fiancé. Meanwhile, Jack Dawson and Fabrizio De Rossi win third-class tickets aboard the ship. Rose tells the whole story from Titanic's departure through to its death—on its first and last voyage—on April 15, 1912.",18/11/1997,"Drama, Romance",,en,English|Français|Deutsch|svenska|Italiano|Pусский,United States of America,Paramount Pictures|20th Century Fox|Lightstorm Entertainment,194,200,2264.162353,32.0193,25862,7.905,Leonardo DiCaprio|Kate Winslet|Billy Zane|Kathy Bates|Frances Fisher|Gloria Stuart|Victor Garber|Bill Paxton|Bernard Hill|David Warner|Jonathan Hyde|Lewis Abernathy|Suzy Amis|Danny Nucci|Nicholas Cascone|Jason Barry|Lew Palter|Eric Braeden|Ewan Stewart|Bernard Fox|Ioan Gruffudd|Jonny Phillips|Edward Fletcher|Scott G. Anderson|Martin East|Gregory Cooke|Alexandrea Owens|Seth Adkins|Michael Ensign|Anatoly M. Sagalevitch|Martin Hub|Mark Lindsay Chapman|Richard Graham|Paul Brightwell|Craig Kelly|Ron Donachie|Charlotte Chatton|Fannie Brett|Jenette Goldstein|Camilla Overbye Roos|Linda Kerns|Amy Gaipa|Martin Jarvis|Rosalind Ayres|Rochelle Rose|Jonathan Evans-Jones|Rocky Taylor|Liam Tuohy|Simon Crane|James Lancaster|Elsa Raven|Reece P. Thompson III|Laramie Landis|Mark Rafael Truitt|John Walcutt|Terry Forrestal|Derek Lea|Richard Ashton|Sean Nepita|Brendan Connolly|David Cronnelly|Garth Wilton|Richard Fox|Nick Meaney|Kevin Owers|Mark Capri|Marc Cass|Paul Herbert|Emmett James|Chris Byrne|Oliver Page|James Garrett|Erik Holland|Jari Kinnunen|Anders Falk|Barry Dennen|Vern Urich|Rebecca Klingler|Tricia O'Neil|Kathleen S. Dunn|Romeo Francis|Mandana Marino|Van Ling|Bjørn Olsen|Dan Pettersson|Shay Duffin|Greg Ellis|Diana Morgan|Kris Andersson|Bobbie Bates|Aaron James Cash|Anne Fletcher|Edmond Alan Forsyth|Andie Hicks|Scott Hislop|Stan Mazin|Lisa Ratzin|Julene Renee|Brian Walsh|Alexandra Boyd|James Cameron|Mike Butters|Kevin De La Noy|Tony Kenny|Sean Lawlor|Don Lynch|Johnny Martin|Meghan McLeod|Steven Quale|R. Gern Trowbridge|Olivia Rosewood|John Slade|Brian McDermott|Bret Aaron Knower|Martin Laing|Rebecca Klinger,116,258,James Cameron
135397,Jurassic World,The park is open.,"Twenty-two years after the events of Jurassic Park, Isla Nublar now features a fully functioning dinosaur theme park, Jurassic World, as originally envisioned by John Hammond.",06/06/2015,"Action, Adventure, Science Fiction, Thriller",Jurassic Park Collection,en,English,United States of America,Amblin Entertainment|Universal Pictures,124,150,1671.537444,16.0248,20620,6.692,Chris Pratt|Bryce Dallas Howard|Irrfan Khan|Vincent D'Onofrio|Ty Simpkins|Nick Robinson|Jake Johnson|Omar Sy|BD Wong|Judy Greer|Lauren Lapkus|Brian Tee|Katie McGrath|Andy Buckley|Eric Edelstein|Courtney James Clark|Colby Boothman-Shepard|Jimmy Fallon|James DuMont|Matt Burke|Anna Talakkottur|Matthew Cardarople|Michael Papajohn|William Gary Smith|Kelly Washington|Isaac Keys|Patrick Crowley|Chad Randall|Gary Weeks|Bill Ogilvie|Allan Tam|Yvonne Angulo|Chloe Perrin|Timothy Eulich|Kevin Foster|Bonnie Wild|Brad Bird|Colin Trevorrow|Justin Lacalamita|Tiffany Forest|Arlene Newman|Tait Fletcher|Jimmy Buffett|Tim Connolly|Johnny Otto|Erika Erica|Brandon Marc Higa|Martin Klebba|Eddie J. Fernandez|Rob Fuller|Julia Holt|Brandon Richardson,52,423,Colin Trevorrow
420818,The Lion King,The king has returned.,"Simba idolizes his father, King Mufasa, and takes to heart his own royal destiny. But not everyone in the kingdom celebrates the new cub's arrival. Scar, Mufasa's brother—and former heir to the throne—has plans of his own. The battle for Pride Rock is ravaged with betrayal, tragedy and drama, ultimately resulting in Simba's exile. With help from a curious pair of newfound friends, Simba will have to figure out how to grow up and take back what is rightfully his.",12/07/2019,"Adventure, Drama, Family, Animation",The Lion King (Reboot) Collection,en,English,United States of America,Walt Disney Pictures|Fairview Entertainment,118,260,1662.020819,22.6761,10299,7.11,Chiwetel Ejiofor|John Oliver|Donald Glover|James Earl Jones|John Kani|Alfre Woodard|Beyoncé|JD McCrary|Shahadi Wright Joseph|Penny Johnson Jerald|Keegan-Michael Key|Eric André|Florence Kasumba|Seth Rogen|Billy Eichner|Amy Sedaris|Chance the Rapper|Josh McCrary|Phil LaMarr|J. Lee,20,44,Jon Favreau
24428,The Avengers,Some assembly required.,"When an unexpected enemy emerges and threatens global safety and security, Nick Fury, director of the international peacekeeping agency known as S.H.I.E.L.D., finds himself in need of a team to pull the world back from the brink of disaster. Spanning the globe, a daring recruitment effort begins!",25/04/2012,"Science Fiction, Action, Adventure",The Avengers Collection,en,English|हिन्दी|Pусский,United States of America,Marvel Studios,143,220,1518.815515,35.3602,31500,7.734,Robert Downey Jr.|Chris Evans|Mark Ruffalo|Chris Hemsworth|Scarlett Johansson|Jeremy Renner|Tom Hiddleston|Clark Gregg|Cobie Smulders|Stellan Skarsgård|Samuel L. Jackson|Gwyneth Paltrow|Paul Bettany|Alexis Denisof|Tina Benko|Jerzy Skolimowski|Kirill Nikiforov|Jeff Wolfe|M'laah Kaur Singh|Rashmi Rustagi|Powers Boothe|Jenny Agutter|Arthur Darbinyan|Donald Li|Warren Kole|Alicia Sixtos|Jesse Garcia|Maximiliano Hernández|Dieter Riesle|Kenneth Tigar|Walter Perez|Harry Dean Stanton|Josh Cowdery|Ashley Johnson|Katsumi Komatsu|Yumiko Komatsu|Momoko Komatsu|Robert Clohessy|Enver Gjokaj|Fernanda Toker|Andrea Vecchio|Robin Swoboda|Brent McGee|Jamie McShane|Michael Zhang|William-Christopher Stephens|Kelley Robins Hicks|Romy Rosemont|James Eckhouse|Stan Lee|Thomas Roberts|Pat Kiernan|Damion Poitier|Lou Ferrigno|Jillian Morgese|Catherine Anderson|Ricardo Andres|Logan Bennett|Mayank Bhatter|Sharita Bone|Jason Botsford|Mary Kate Campbell|Gene N. Chavez|Layla Cushman|Robert Dean|Rick Dremann|Rod Fielder|Eric Frank|Israel Hall|Carmen Dee Harris|Alexander Christopher Jones|Mike Karban|Demoine Kinney|Andrew Knode|Annette Lawless|Kimberly J. Mahoney|Todd Manes|Jorge Mardel|Michael McMillan|Sean Meehan|Holly Neelie|Caleb Daniel Noal|Jeremy Orr|Nate Paige|Martin Palmer|Maria Perossa|Caleb Pieplow|Alexander Daniel Pimentel|Frank Powers|Jaime Powers|Brent Reichert|Kelly Ruble|Gina Sarno|Robert B. Schneider IV|Jeff Seich|Christina Shaffer|Douglas Slygh|Colin Strause|Robert P. Thitoff|George Thomas|Shane Thompson|Jerry Lee Tucker|Tai Urban|Chris Vaina|Sandra Weston|Seth Zielicke|Alex DeCourville|Andrea-Nichole Olivas|Tina Grimm|Evan Kole|Hank Amos|Joti Nagra,112,631,Joss Whedon
168259,Furious 7,Vengeance hits home.,Deckard Shaw seeks revenge against Dominic Toretto and his family for his comatose brother.,01/04/2015,"Action, Thriller, Crime",The Fast and the Furious Collection,en,العربية|English|Español|ภาษาไทย,United States of America,Original Film|One Race|Universal Pictures,137,190,1515.4,14.8135,10758,7.2,Vin Diesel|Paul Walker|Jason Statham|Michelle Rodriguez|Jordana Brewster|Tyrese Gibson|Ludacris|Dwayne Johnson|Lucas Black|Kurt Russell|Nathalie Emmanuel|Elsa Pataky|John Brotherton|Luke Evans|Tony Jaa|Djimon Hounsou|Noel Gugliemi|Ali Fazal|Sung Kang|Ronda Rousey|Miller Kimsey|Charlie Kimsey|Eden Estrella|Gentry White|Iggy Azalea|Jon Lee Brody|Levy Tran|Anna Colwell|Viktor Hernandez|Steve Coulter|Robert Pralgo|Antwan Mills|J.J. Gonzalez|Jorge Ferragut|Sara Sohn|Benjamin Blankenship|D.J. Hapa|T-Pain|Brian Mahoney|Brittney Alger|Romeo Santos|Jocelin Donahue|Stephanie Langston|Jorge-Luis Pallo|Nathalie Kelley|Shad Moss|Caleb Walker|Cody Walker,48,222,James Wan
99861,Avengers: Age of Ultron,A new age has come.,"When Tony Stark tries to jumpstart a dormant peacekeeping program, things go awry and Earth’s Mightiest Heroes are put to the ultimate test as the fate of the planet hangs in the balance. As the villainous Ultron emerges, it is up to The Avengers to stop him from enacting his terrible plans, and soon uneasy alliances and unexpected action pave the way for an epic and unique global adventure.",22/04/2015,"Action, Adventure, Science Fiction",The Avengers Collection,en,English,United States of America,Marvel Studios,141,365,1405.403694,18.1649,23342,7.271,Robert Downey Jr.|Chris Hemsworth|Mark Ruffalo|Chris Evans|Scarlett Johansson|Jeremy Renner|James Spader|Samuel L. Jackson|Don Cheadle|Aaron Taylor-Johnson|Elizabeth Olsen|Paul Bettany|Cobie Smulders|Anthony Mackie|Hayley Atwell|Idris Elba|Linda Cardellini|Stellan Skarsgård|Claudia Kim|Thomas Kretschmann|Andy Serkis|Julie Delpy|Stan Lee|Henry Goodman|Chris Luca|Brian Schaeffer|Dominique Provost-Chalkley|Isaac Andrews|Gareth Kieran Jones|Chan Woo Lim|Minhee Yeo|Bentley Kalu|Julian Bleach|Christopher Beasley|Vuyo Dabula|Nondumiso Tembe|Kabelo Thai|Lele Ledwaba|Mandla Gaduka|Harriet Manamela|Beulah Hashe|Musca Kumalo|Mathapelo September|Antony Acheampong|Chioma Anyanwu|Ben Sakamoto|Imogen Poynton|Isabella Poynton|Ingvild Deila|Sunny Yeo|Namju Go|Mina Kweon|Earl T. Kim|Arthur Lee|Verity Hewlett|Michael Matovski|Alma Noce|Riccardo Richetta|Constanza Ruff|Monty Mclaren-Clark|Julia Krynke|Tony Christian|Ian Kay|Barry Aird|Aaron Himelstein|Kerry Condon|Jaiden Stafford|Josh Brolin|Robert J. Fraser|Lou Ferrigno|Zakk Pierce|Avinashi Sharma,72,636,Joss Whedon
284054,Black Panther,Long live the king.,"King T'Challa returns home to the reclusive, technologically advanced African nation of Wakanda to serve as his country's new leader. However, T'Challa soon finds that he is challenged for the throne by factions within his own country as well as without. Using powers reserved to Wakandan kings, T'Challa assumes the Black Panther mantle to join with ex-girlfriend Nakia, the queen-mother, his princess-kid sister, members of the Dora Milaje (the Wakandan 'special forces') and an American secret agent, to prevent Wakanda from being dragged into a world war.",13/02/2018,"Action, Adventure, Science Fiction",Black Panther Collection,en,English|한국어/조선말|Kiswahili|,United States of America,Marvel Studios,135,200,1349.926083,18.019,22485,7.373,Chadwick Boseman|Michael B. Jordan|Lupita Nyong'o|Danai Gurira|Martin Freeman|Daniel Kaluuya|Letitia Wright|Winston Duke|Sterling K. Brown|Angela Bassett|Forest Whitaker|Andy Serkis|Florence Kasumba|John Kani|David S. Lee|Nabiyah Be|Isaach de Bankolé|Connie Chiume|Dorothy Steel|Danny Sapani|Sydelle Noel|Marija Abney|Zola Williams|Janeshia Adams-Ginyard|Maria Hippolyte|Marie Mouroum|Jénel Stevens|Sope Aluko|Stan Lee|Atandwa Kani|Ashton Tyler|Denzel Whitaker|Shaunette Renée Wilson|Christine Hollingsworth|Lucy Hockings|Bambadjan Bamba|Roland Kilumbu|Jermaine Holt|Dominique Elijah Smith|Jalil Jay Lynch|Vaughndio Forbes|Sasha Morfaw|Alexis Louder|Francesca Faridany|Mark Ashworth|Seth Carr|Jeremy Sample|Chad Crumley|Alexis Rhee|Danny Chung|Liz Elkins Newcomer|Tony Sears|Alex C. Riley Hughes|Clifford Gay|Shamel Heath|De'Jon Watts|Alex R. Hibbert|Tristan Timmons|Tyler Timmons|Abraham Clinkscales|Thabo Moropane|Zani Mogodi|Zenzi Williams|Trevor Noah|T. Love|Sebastian Stan,66,557,Ryan Coogler
12445,Harry Potter and the Deathly Hallows: Part 2,It all ends.,"Harry, Ron and Hermione continue their quest to vanquish the evil Voldemort once and for all. Just as things begin to look hopeless for the young wizards, Harry discovers a trio of magical objects that endow him with powers to rival Voldemort's formidable skills.",12/07/2011,"Fantasy, Adventure",Harry Potter Collection,en,English,United Kingdom|United States of America,Warner Bros. Pictures|Heyday Films,130,125,1341.511219,20.1665,20933,8.087,Daniel Radcliffe|Emma Watson|Rupert Grint|Ralph Fiennes|Alan Rickman|Michael Gambon|Warwick Davis|Helena Bonham Carter|Ciarán Hinds|Matthew Lewis|John Hurt|Evanna Lynch|Robbie Coltrane|Kelly Macdonald|Tom Felton|Helen McCrory|Jason Isaacs|Maggie Smith|David Thewlis|Gary Oldman|David Bradley|Julie Walters|Gemma Jones|Dave Legeno|Miriam Margolyes|Nick Moran|James Phelps|Oliver Phelps|Clémence Poésy|Natalia Tena|Mark Williams|Bonnie Wright|Domhnall Gleeson|Graham Duff|Anthony Allgood|Rusty Goffe|Jon Key|Ian Peck|Benn Northover|Hebe Beardsall|Devon Murray|Jessie Cave|Afshan Azad|Isabella Laughland|Anna Shaffer|Georgina Leonidas|Freddie Stroma|Alfred Enoch|Katie Leung|William Melling|Sian Grace Phillips|Ralph Ineson|Suzie Toase|Jim Broadbent|Scarlett Hefner|Josh Herdman|Louis Cordice|Amber Evans|Ruby Evans|George Harris|Chris Rankin|Guy Henry|Phil Wright|Gary Sayer|Tony Adkins|Penelope McGhie|Emma Thompson|Ellie Darcey-Alden|Ariella Paradise|Benedict Clarke|Leslie Phillips|Alfie McIlwain|Rohan Gotobed|Geraldine Somerville|Adrian Rawlins|Toby Papworth|Timothy Spall|Peter G. Reed|Judith Sharp|Emil Hostina|Bob Yves Van Hellenberg Hubar|Granville Saxton|Tony Kirwood|Ashley McGuire|Arthur Bowen|Daphne de Beistegui|Will Dunn|Jade Gordon|Bertie Gilbert|Helena Barlow|Ryan Turner|Paul Bailey|Sean Biggerstaff|Vinnie Clarke|David Heyman|Charlie Hobbs|Luke Newberry|Keijo J. Salmela|Spencer Wilding|Harrison Davis|Annabelle Davis|Samantha Davis|Natalie Hallam,103,154,David Yates
181808,Star Wars: The Last Jedi,Darkness rises...and light to meet it.,"Rey develops her newly discovered abilities with the guidance of Luke Skywalker, who is unsettled by the strength of her powers. Meanwhile, the Resistance prepares to do battle with the First Order.",13/12/2017,"Adventure, Action, Science Fiction",Star Wars Collection,en,English,United States of America,Lucasfilm Ltd.,152,200,1332.69883,14.4999,15529,6.78,Mark Hamill|Carrie Fisher|Adam Driver|Daisy Ridley|John Boyega|Oscar Isaac|Andy Serkis|Lupita Nyong'o|Domhnall Gleeson|Anthony Daniels|Gwendoline Christie|Kelly Marie Tran|Laura Dern|Benicio del Toro|Frank Oz|Billie Lourd|Joonas Suotamo|Amanda Lawrence|Jimmy Vee|Brian Herring|Dave Chapman|Justin Theroux|Tim Rose|Tom Kane|Adrian Edmondson|Mark Lewis Jones|Hermione Corfield|Veronica Ngo|Noah Segan|Jamie Christopher|Paul Kasey|Michaela Coel|Jonathan Harden|Danny Euston|Priyanga Burford|Navin Chowdhry|Andrew Jack|Crystal Clarke|Aki Omoshaybi|Togo Igawa|Hugh Skinner|Tim Steed|Simon Lowe|Joe Van Moyland|Shauna Macdonald|Darren Morfitt|Gerard Monaco|Kate Dickie|Patrick O'Kane|Paul Bazely|Orion Lee|Amira Ghazalla|Ralph Ineson|Akshay Kumar|Michael Jibson|Luke Neal|Andy Nyman|Temirlan Blaev|Josiah Oniha|Sara Heller|Matthew Sharp|Lily Cole|Warwick Davis|Kiran Shah|Joseph Gordon-Levitt|Mike Quinn|Gareth Edwards|Jack Greenlees|Danny Sapani|Kevin Layne|Ben Morris|Gary Barlow|Edgar Wright|Joe Cornish|Griffin Hamill|Nathan Hamill|Chelsea Hamill|Liang Yang|David M. Santana|Andrew Abbott|Chris Adams|Samantha Alleyne|Martin Bratanov|Glen Carroll|Cavin Cornwall|James Cox|Steve Doyle|Josh Dyer|Karl Farrer|James Filanowski|David R. Grant|Ómar Guðjónsson|Craig Izzard|Christopher Jaciow|Tobias James-Samuels|Dan Lam|Antonio Lujak|Josh Methven|Sandeep Mohan|Ross Moneypenny|Florian Robin|Stephanie Silva|Clem So|Leo Thompson|Andy Wareham|William Willoughby|Oscar Wright|Karanja Yorke|Sarah-Jane De Crespigny,109,212,Rian Johnson
330457,Frozen II,The past is not what it seems.,"Elsa, Anna, Kristoff and Olaf head far into the forest to learn the truth about an ancient mystery of their kingdom.",20/11/2019,"Family, Animation, Adventure, Comedy, Fantasy",Frozen Collection,en,English,United States of America,Walt Disney Pictures|Walt Disney Animation Studios,103,150,1453.683476,12.0815,9866,7.25,Kristen Bell|Idina Menzel|Josh Gad|Jonathan Groff|Evan Rachel Wood|Sterling K. Brown|Alfred Molina|Rachel Matthews|Jason Ritter|Martha Plimpton|Ciarán Hinds|Jeremy Sisto|Stephen J. Anderson|Chris Williams|Maia Wilson|Paul Briggs|Hadley Gannaway|Mattea Conforti|Aurora Aksnes|Alan Tudyk|Santino Fontana|Livvy Stubenrauch|Eva Bella|Jackson Stein|Delaney Rose Stein|Halima V. Hudson|Isabella Acres|Stephen Apostolina|Kimberly Bailey|David Boat|June Christopher|Antonio Raul Garcia|David Cowgill|Wendy Cutler|Hudson D'Andrea|Grey DeLisle|Jessica DiCicco|Terri Douglas|Robin Atkin Downes|Nick Fisher|Jackie Gonneau|Franck Gourlat|Daniel Kaz|Phil LaMarr|Arnaud Léonard|Mimi Maynard|Scott Menville|Melanie Minichino|Max Mittelman|Matt Nolan|Capri Oliver|Arthur Ortiz|Paul Pape|Michael Ralph|Akai Robinson|Lynwood Robinson|Maddix Robinson|Kaitlyn Robrock|Violet Grace Schaffer|Pepper Sweeney|Fred Tatasciore|Jean-Alain Velardo|Kari Wahlgren|Matthew Wood,64,39,Jennifer Lee
351286,Jurassic World: Fallen Kingdom,The park is gone.,"Three years after Jurassic World was destroyed, Isla Nublar now sits abandoned. When the island's dormant volcano begins roaring to life, Owen and Claire mount a campaign to rescue the remaining dinosaurs from this extinction-level event.",06/06/2018,"Action, Adventure, Science Fiction, Thriller",Jurassic Park Collection,en,English|Pусский,United States of America,Amblin Entertainment|Universal Pictures,129,170,1310.466296,15.4014,12003,6.538,Chris Pratt|Bryce Dallas Howard|Rafe Spall|Justice Smith|Daniella Pineda|James Cromwell|Toby Jones|Ted Levine|Jeff Goldblum|BD Wong|Geraldine Chaplin|Isabella Sermon|Robert Emms|Peter Jason|Kevin Layne|John Schwab|Sam Redford|Charlie Rawes|Patrick Crowley|Alex Dower|Honey Holmes|Neil Bishop|Philippa Thomas|Ronan Summers|Cory Peterson|Jeremy Gilbert|Victor Gardener|Daryl Kwan|Eric Kofi Abrefa|Ben Peel|Mark Griffin|Paul Sockett|Douglas Robson|Gil Kolirin|Nathan Florence|Bryan Phillips|Mitchell L. Johnson|Michael Papajohn|Daniel Stisen,39,381,J.A. Bayona
109445,Frozen,Only the act of true love will thaw a frozen heart.,"Young princess Anna of Arendelle dreams about finding true love at her sister Elsa’s coronation. Fate takes her on a dangerous journey in an attempt to end the eternal winter that has fallen over the kingdom. She's accompanied by ice delivery man Kristoff, his reindeer Sven, and snowman Olaf. On an adventure where she will find out what friendship, courage, family, and true love really means.",20/11/2013,"Animation, Family, Adventure, Fantasy",Frozen Collection,en,English,United States of America,Walt Disney Pictures|Walt Disney Animation Studios,102,150,1274.219009,22.1561,16777,7.246,Kristen Bell|Idina Menzel|Jonathan Groff|Josh Gad|Livvy Stubenrauch|Santino Fontana|Eva Bella|Alan Tudyk|Maia Wilson|Ciarán Hinds|Annie Lopez|Annaleigh Ashford|Paul Briggs|Stephen J. Anderson|Maurice LaMarche|Jennifer Lee|Chris Williams|Edie McClurg|Robert Pine|Spencer Lacey Ganus|Jesse Corti|Jeffrey Marcus|Tucker Gilmore|Ava Acres|Stephen Apostolina|Kirk Baily|Jenica Bergere|David Boat|Tyree Brown|Woody Buck|June Christopher|Lewis Cleale|Wendy Cutler|Terri Douglas|Eddie Frierson|Jean Gilpin|Jackie Gonneau|Nicholas Guest|Bridget Hoffman|Nick Jameson|Daniel Kaz|John Lavelle|Patricia Lentz|Katie Lowes|Mona Marshall|Dara McGarry|Scott Menville|Adam Overett|Paul Pape|Courtney Peldon|Jennifer Perry|Raymond S. Persi|Jean-Michel Richaud|Lynwood Robinson|Carter Sand|Jadon Sand|Katie Silverman|Pepper Sweeney|Fred Tatasciore|Jack Whitehall,60,284,Chris Buck
321612,Beauty and the Beast,Be our guest.,A live-action adaptation of Disney's version of the classic tale of a cursed prince and a beautiful young woman who helps him break the spell.,16/03/2017,"Family, Fantasy, Romance",,en,English|Français,United States of America,Walt Disney Pictures|Mandeville Films,129,160,1266.115964,18.0915,15582,7,Emma Watson|Dan Stevens|Luke Evans|Josh Gad|Kevin Kline|Hattie Morahan|Haydn Gwynne|Gerard Horan|Ray Fearon|Ewan McGregor|Ian McKellen|Emma Thompson|Nathan Mack|Audra McDonald|Stanley Tucci|Gugu Mbatha-Raw|Clive Rowe|Thomas Padden|Rita Davies|D.J. Bailey|Adrian Schiller|Harriet Jones|Adam Mitchell|Tom Turner|Michael Jibson|Zoe Rainey|Daisy Duczmal|Jolyon Coy|Jimmy Johnston|Dean Street|Alexis Loizon|Sophie Reid|Rafaëlle Cohen|Carla Nella|Obioma Ugoala|Lynne Wilmot|Jane Fowler|Alison Harding|Chris Andrew Mellon|Jemma Alexander|Sandy Strallen|Dale Branston|Daniel Ioannou|Peter Challis|Wendy Baldock|Norma Atallah|Leo Andrew|Steven Butler|Sharon Gomez|Jacqui Jameson|Vivien Parry|Simone Sault|Beth Willetts|Mandy Montanez|Tom Oakley|William Bozier|Jak Allen-Anderson|Phil Grannel|Freddie August|Nicola Keen|Ebony Molina|Alison Jenkins|Ellen O'Grady|Dawn Buckland|Rebecca Mckinnis|Jody Hall|Ben Fox|Nathan Vaughan Harris|Tim Stanley|Ben Clare|Marina Abdeen|Danielle Acors|Hayley Ainsley|Rhianne Alleyn|Gabby Antrobus|Sophie Atkins|Koko Basigara|Holly Bluett|Daisy Boyles|Ava Brennan|Sophia Brown|Sophie Carmen-Jones|Cassie Clare|Tanya Cumberland|Natalie Davis|Paige Drury-Lawrence|Stephanie Elstob|Cordelia Farnworth|Cj Field|Lily Frazer|Lucy Alexa Gilbert|Helen Gulstan|Selina Hamilton|Leah Hill|Abigayle Honeywill|Chelsea Inez|Blythe Jandoo|Shireen Jathoonia|Billie Kay-Piper|Hannah Kenna-Thomas|Ella Kora|Jennifer Leung|Emily Loumba|Cassie Macmillian|Fiona McDonald|Samira Mighty|Sonoya Mizuno|Anna Momcilovic|Nicola Mooi|Nicole O'Neill|Abiona Omonua|Jazz Peters|Courtney Pruce|Kayla Radam|Katie Singh|Lucy St. Louis|Ruth Steele|Jasmine Takacs|Naomi Weijand|Leah West|Skye Lucia Degruttola|Timia Julien-Box|Adelaide Morgan|Gemma Fray|Lara Decaro|Max Brophy|Samuel Brown|Daniel Daszek-Green|Freddie Hunter|Joey Brown|Tom Burgering|Nate Leung|Kai Gordon|Oscar Francisco|Harry Marcus|Johanna Smitz|Isobel Hamilton,137,155,Bill Condon
260513,Incredibles 2,"It's been too long, dahlings.","Elastigirl springs into action to save the day, while Mr. Incredible faces his greatest challenge yet – taking care of the problems of his three children.",14/06/2018,"Action, Adventure, Animation, Family",The Incredibles Collection,en,English,United States of America,Walt Disney Pictures|Pixar,118,200,1242.805359,10.8758,13021,7.454,Craig T. Nelson|Holly Hunter|Sarah Vowell|Huck Milner|Samuel L. Jackson|Bob Odenkirk|Catherine Keener|Jonathan Banks|Brad Bird|John Ratzenberger|Eli Fucile|Nicholas Bird|Bill Wise|Michael Bird|Sophia Bush|Phil LaMarr|Paul Eiding|Isabella Rossellini|Barry Bostwick|Adam Rodriguez|Jere Burns|Kimberly Adair Clark|Usher|Adam Gates|Michael B. Johnson|A.J. LoCascio|Alyson Stoner|Andrew Kishino|Austin Madison|Brian Dluhy|Cathy Cavadini|Dave Fennoy|David Cowgill|Debi Derryberry|Fred Tatasciore|Teddy Newton|Dennis Singletary|Diamond White|Eddie Frierson|Grace Geller|Greg Dykstra|Jackie Gonneau|Jacqueline Pinol|Jean Gilpin|Matthew Wood|Steve Blum|Wally Wingert|Max Mittelman,48,259,Brad Bird
